"layer_from","node_from","layer_to","node_to","weight"
1,6,1,52,0.0192307692307692
1,6,1,66,0.0769230769230769
1,6,1,93,0.0192307692307692
1,6,1,159,0.0192307692307692
1,6,1,183,0.865384615384615
1,7,1,48,0.0746268656716418
1,7,1,62,0.0373134328358209
1,7,1,66,0.0746268656716418
1,7,1,76,0.00746268656716418
1,7,1,88,0.00746268656716418
1,7,1,144,0.0298507462686567
1,7,1,154,0.00746268656716418
1,7,1,165,0.00746268656716418
1,7,1,181,0.00746268656716418
1,7,1,183,0.395522388059701
1,7,1,197,0.134328358208955
1,7,1,201,0.00746268656716418
1,7,1,203,0.0447761194029851
1,7,1,215,0.00746268656716418
1,7,1,225,0.156716417910448
1,12,1,109,0.111111111111111
1,12,1,196,0.222222222222222
1,12,1,226,0.666666666666667
1,15,1,43,0.0327868852459016
1,15,1,46,0.0163934426229508
1,15,1,48,0.0163934426229508
1,15,1,57,0.0163934426229508
1,15,1,62,0.0491803278688525
1,15,1,66,0.0655737704918033
1,15,1,72,0.0327868852459016
1,15,1,74,0.0327868852459016
1,15,1,78,0.0163934426229508
1,15,1,103,0.0983606557377049
1,15,1,109,0.0163934426229508
1,15,1,124,0.0163934426229508
1,15,1,138,0.0163934426229508
1,15,1,144,0.0983606557377049
1,15,1,173,0.0163934426229508
1,15,1,183,0.19672131147541
1,15,1,188,0.0163934426229508
1,15,1,190,0.114754098360656
1,15,1,198,0.0163934426229508
1,15,1,203,0.0491803278688525
1,15,1,226,0.0327868852459016
1,15,1,234,0.0327868852459016
1,23,1,46,0.5
1,23,1,74,0.1
1,23,1,75,0.1
1,23,1,225,0.1
1,23,1,226,0.1
1,23,1,228,0.1
1,28,1,218,1
1,32,1,46,0.25
1,32,1,83,0.25
1,32,1,196,0.5
2,6,2,48,0.0121951219512195
2,6,2,66,0.024390243902439
2,6,2,68,0.0487804878048781
2,6,2,93,0.024390243902439
2,6,2,109,0.0121951219512195
2,6,2,183,0.75609756097561
2,6,2,196,0.0121951219512195
2,6,2,197,0.0121951219512195
2,6,2,203,0.0975609756097561
2,7,2,43,0.0109289617486339
2,7,2,48,0.00546448087431694
2,7,2,55,0.0163934426229508
2,7,2,62,0.0491803278688525
2,7,2,66,0.0437158469945355
2,7,2,100,0.0163934426229508
2,7,2,144,0.0163934426229508
2,7,2,177,0.00546448087431694
2,7,2,183,0.491803278688525
2,7,2,186,0.00546448087431694
2,7,2,194,0.0109289617486339
2,7,2,196,0.0163934426229508
2,7,2,203,0.0109289617486339
2,7,2,217,0.00546448087431694
2,7,2,218,0.00546448087431694
2,7,2,225,0.289617486338798
2,12,2,123,0.25
2,12,2,226,0.75
2,13,2,132,0.25
2,13,2,168,0.25
2,13,2,226,0.5
2,15,2,42,0.0666666666666667
2,15,2,46,0.0666666666666667
2,15,2,59,0.0333333333333333
2,15,2,72,0.0666666666666667
2,15,2,82,0.1
2,15,2,93,0.1
2,15,2,106,0.1
2,15,2,130,0.0333333333333333
2,15,2,142,0.0333333333333333
2,15,2,144,0.1
2,15,2,190,0.0333333333333333
2,15,2,196,0.0333333333333333
2,15,2,198,0.0333333333333333
2,15,2,203,0.133333333333333
2,15,2,234,0.0666666666666667
2,20,2,62,0.333333333333333
2,20,2,74,0.333333333333333
2,20,2,87,0.333333333333333
2,23,2,46,0.375
2,23,2,62,0.0625
2,23,2,66,0.0625
2,23,2,109,0.125
2,23,2,142,0.25
2,23,2,203,0.0625
2,23,2,225,0.0625
2,28,2,74,0.8
2,28,2,83,0.2
3,6,3,49,0.0181818181818182
3,6,3,75,0.618181818181818
3,6,3,83,0.0181818181818182
3,6,3,93,0.145454545454545
3,6,3,96,0.0181818181818182
3,6,3,101,0.0181818181818182
3,6,3,139,0.0181818181818182
3,6,3,144,0.0181818181818182
3,6,3,158,0.0545454545454545
3,6,3,166,0.0181818181818182
3,6,3,197,0.0181818181818182
3,6,3,206,0.0181818181818182
3,6,3,225,0.0181818181818182
3,7,3,43,0.0555555555555556
3,7,3,49,0.00694444444444444
3,7,3,58,0.00694444444444444
3,7,3,61,0.00694444444444444
3,7,3,75,0.25
3,7,3,93,0.0486111111111111
3,7,3,138,0.00694444444444444
3,7,3,139,0.0138888888888889
3,7,3,158,0.0347222222222222
3,7,3,166,0.00694444444444444
3,7,3,197,0.00694444444444444
3,7,3,206,0.00694444444444444
3,7,3,225,0.548611111111111
3,9,3,43,0.0677966101694915
3,9,3,44,0.11864406779661
3,9,3,46,0.0169491525423729
3,9,3,61,0.0677966101694915
3,9,3,69,0.0169491525423729
3,9,3,75,0.23728813559322
3,9,3,93,0.0169491525423729
3,9,3,96,0.0338983050847458
3,9,3,114,0.0169491525423729
3,9,3,117,0.0508474576271186
3,9,3,126,0.0169491525423729
3,9,3,128,0.0169491525423729
3,9,3,136,0.0677966101694915
3,9,3,139,0.0338983050847458
3,9,3,144,0.0508474576271186
3,9,3,151,0.0169491525423729
3,9,3,158,0.0508474576271186
3,9,3,166,0.0847457627118644
3,9,3,200,0.0169491525423729
3,10,3,61,0.0434782608695652
3,10,3,138,0.260869565217391
3,10,3,226,0.695652173913043
3,14,3,75,0.2
3,14,3,221,0.4
3,14,3,226,0.4
3,15,3,58,0.25
3,15,3,61,0.416666666666667
3,15,3,184,0.0833333333333333
3,15,3,221,0.166666666666667
3,15,3,226,0.0833333333333333
3,23,3,39,0.2
3,23,3,46,0.266666666666667
3,23,3,47,0.0666666666666667
3,23,3,49,0.0666666666666667
3,23,3,75,0.0666666666666667
3,23,3,117,0.0666666666666667
3,23,3,138,0.0666666666666667
3,23,3,139,0.2
3,30,3,61,0.230769230769231
3,30,3,75,0.230769230769231
3,30,3,96,0.230769230769231
3,30,3,138,0.230769230769231
3,30,3,166,0.0769230769230769
3,31,3,43,0.0588235294117647
3,31,3,75,0.705882352941177
3,31,3,146,0.0588235294117647
3,31,3,158,0.117647058823529
3,31,3,166,0.0588235294117647
3,34,3,61,0.142857142857143
3,34,3,78,0.0714285714285714
3,34,3,225,0.642857142857143
3,34,3,226,0.0714285714285714
3,34,3,227,0.0714285714285714
4,6,4,56,0.0151515151515152
4,6,4,75,0.939393939393939
4,6,4,158,0.0303030303030303
4,6,4,166,0.0151515151515152
4,7,4,43,0.0229007633587786
4,7,4,45,0.00763358778625954
4,7,4,49,0.00763358778625954
4,7,4,61,0.00763358778625954
4,7,4,75,0.32824427480916
4,7,4,88,0.0229007633587786
4,7,4,93,0.00763358778625954
4,7,4,138,0.00763358778625954
4,7,4,166,0.0381679389312977
4,7,4,210,0.00763358778625954
4,7,4,225,0.534351145038168
4,7,4,227,0.00763358778625954
4,9,4,35,0.025
4,9,4,43,0.1
4,9,4,75,0.7
4,9,4,136,0.1
4,9,4,139,0.025
4,9,4,197,0.025
4,9,4,200,0.025
4,10,4,44,0.0714285714285714
4,10,4,61,0.142857142857143
4,10,4,75,0.0714285714285714
4,10,4,138,0.0714285714285714
4,10,4,226,0.642857142857143
4,15,4,37,0.0344827586206897
4,15,4,43,0.344827586206897
4,15,4,49,0.0344827586206897
4,15,4,61,0.137931034482759
4,15,4,108,0.0344827586206897
4,15,4,139,0.137931034482759
4,15,4,170,0.0689655172413793
4,15,4,182,0.103448275862069
4,15,4,232,0.0344827586206897
4,15,4,234,0.0689655172413793
4,17,4,46,1
4,22,4,169,1
4,23,4,39,0.0555555555555556
4,23,4,46,0.5
4,23,4,75,0.0555555555555556
4,23,4,139,0.277777777777778
4,23,4,182,0.0555555555555556
4,23,4,184,0.0555555555555556
4,30,4,49,0.130434782608696
4,30,4,75,0.434782608695652
4,30,4,108,0.0434782608695652
4,30,4,138,0.173913043478261
4,30,4,139,0.130434782608696
4,30,4,178,0.0434782608695652
4,30,4,223,0.0434782608695652
4,31,4,61,0.0487804878048781
4,31,4,75,0.780487804878049
4,31,4,94,0.024390243902439
4,31,4,144,0.0731707317073171
4,31,4,158,0.0731707317073171
5,1,5,166,0.0666666666666667
5,1,5,191,0.0666666666666667
5,1,5,202,0.0666666666666667
5,1,5,225,0.8
5,5,5,75,1
5,6,5,35,0.0652173913043478
5,6,5,75,0.91304347826087
5,6,5,185,0.0217391304347826
5,7,5,43,0.0188679245283019
5,7,5,70,0.0188679245283019
5,7,5,75,0.69811320754717
5,7,5,81,0.0188679245283019
5,7,5,108,0.0188679245283019
5,7,5,139,0.0188679245283019
5,7,5,220,0.188679245283019
5,7,5,225,0.0188679245283019
5,8,5,43,0.032258064516129
5,8,5,49,0.032258064516129
5,8,5,75,0.709677419354839
5,8,5,114,0.0645161290322581
5,8,5,145,0.032258064516129
5,8,5,148,0.032258064516129
5,8,5,180,0.032258064516129
5,8,5,212,0.032258064516129
5,8,5,225,0.032258064516129
5,11,5,75,0.523809523809524
5,11,5,184,0.0952380952380952
5,11,5,220,0.380952380952381
5,12,5,220,0.166666666666667
5,12,5,225,0.166666666666667
5,12,5,226,0.666666666666667
5,15,5,58,0.0714285714285714
5,15,5,75,0.0714285714285714
5,15,5,81,0.0714285714285714
5,15,5,121,0.0714285714285714
5,15,5,123,0.142857142857143
5,15,5,139,0.0714285714285714
5,15,5,220,0.285714285714286
5,15,5,234,0.214285714285714
5,18,5,39,0.5
5,18,5,47,0.125
5,18,5,49,0.0625
5,18,5,75,0.0625
5,18,5,139,0.0625
5,18,5,209,0.0625
5,18,5,211,0.0625
5,18,5,220,0.0625
5,21,5,75,1
5,23,5,46,0.2
5,23,5,75,0.6
5,23,5,220,0.2
5,27,5,50,0.024390243902439
5,27,5,75,0.719512195121951
5,27,5,93,0.0121951219512195
5,27,5,139,0.0121951219512195
5,27,5,144,0.0365853658536585
5,27,5,158,0.0121951219512195
5,27,5,179,0.024390243902439
5,27,5,197,0.0365853658536585
5,27,5,199,0.109756097560976
5,27,5,212,0.0121951219512195
5,30,5,49,0.166666666666667
5,30,5,75,0.666666666666667
5,30,5,220,0.166666666666667
5,33,5,139,0.2
5,33,5,220,0.2
5,33,5,225,0.6
5,34,5,75,0.142857142857143
5,34,5,139,0.0476190476190476
5,34,5,162,0.523809523809524
5,34,5,184,0.0952380952380952
5,34,5,191,0.0476190476190476
5,34,5,220,0.142857142857143
6,1,6,43,0.0103092783505155
6,1,6,58,0.0206185567010309
6,1,6,113,0.0103092783505155
6,1,6,134,0.0103092783505155
6,1,6,138,0.0103092783505155
6,1,6,162,0.0309278350515464
6,1,6,166,0.0103092783505155
6,1,6,171,0.0206185567010309
6,1,6,184,0.0309278350515464
6,1,6,192,0.0412371134020619
6,1,6,213,0.0103092783505155
6,1,6,220,0.0103092783505155
6,1,6,225,0.288659793814433
6,1,6,226,0.463917525773196
6,1,6,227,0.0206185567010309
6,1,6,231,0.0103092783505155
6,6,6,49,0.0454545454545455
6,6,6,75,0.818181818181818
6,6,6,93,0.0909090909090909
6,6,6,225,0.0454545454545455
6,7,6,35,0.0416666666666667
6,7,6,43,0.3125
6,7,6,64,0.0208333333333333
6,7,6,75,0.229166666666667
6,7,6,141,0.0208333333333333
6,7,6,167,0.0416666666666667
6,7,6,184,0.0416666666666667
6,7,6,207,0.0208333333333333
6,7,6,225,0.270833333333333
6,8,6,43,0.0714285714285714
6,8,6,49,0.142857142857143
6,8,6,51,0.0357142857142857
6,8,6,68,0.0357142857142857
6,8,6,75,0.142857142857143
6,8,6,83,0.0357142857142857
6,8,6,114,0.0357142857142857
6,8,6,115,0.0357142857142857
6,8,6,144,0.0714285714285714
6,8,6,157,0.0357142857142857
6,8,6,158,0.0357142857142857
6,8,6,180,0.0714285714285714
6,8,6,184,0.107142857142857
6,8,6,187,0.0357142857142857
6,8,6,204,0.0357142857142857
6,8,6,212,0.0714285714285714
6,10,6,226,1
6,11,6,40,0.0909090909090909
6,11,6,75,0.272727272727273
6,11,6,156,0.0909090909090909
6,11,6,220,0.545454545454545
6,12,6,49,0.0909090909090909
6,12,6,75,0.0909090909090909
6,12,6,184,0.272727272727273
6,12,6,225,0.181818181818182
6,12,6,226,0.363636363636364
6,15,6,43,0.037037037037037
6,15,6,75,0.037037037037037
6,15,6,108,0.037037037037037
6,15,6,114,0.037037037037037
6,15,6,118,0.037037037037037
6,15,6,139,0.111111111111111
6,15,6,162,0.037037037037037
6,15,6,184,0.259259259259259
6,15,6,226,0.185185185185185
6,15,6,230,0.111111111111111
6,15,6,234,0.111111111111111
6,21,6,46,0.25
6,21,6,153,0.25
6,21,6,164,0.25
6,21,6,220,0.25
6,23,6,75,1
6,27,6,75,0.144578313253012
6,27,6,91,0.0120481927710843
6,27,6,92,0.0120481927710843
6,27,6,93,0.421686746987952
6,27,6,127,0.036144578313253
6,27,6,144,0.168674698795181
6,27,6,156,0.0120481927710843
6,27,6,158,0.036144578313253
6,27,6,184,0.0120481927710843
6,27,6,197,0.0481927710843374
6,27,6,199,0.0240963855421687
6,27,6,202,0.0120481927710843
6,27,6,204,0.0602409638554217
6,33,6,131,0.333333333333333
6,33,6,158,0.333333333333333
6,33,6,225,0.333333333333333
6,34,6,49,0.0277777777777778
6,34,6,58,0.0277777777777778
6,34,6,75,0.0555555555555556
6,34,6,118,0.0277777777777778
6,34,6,162,0.527777777777778
6,34,6,183,0.0555555555555556
6,34,6,220,0.0277777777777778
6,34,6,225,0.0277777777777778
6,34,6,226,0.222222222222222
7,1,7,66,0.0144927536231884
7,1,7,75,0.101449275362319
7,1,7,104,0.072463768115942
7,1,7,110,0.0144927536231884
7,1,7,113,0.0144927536231884
7,1,7,139,0.159420289855072
7,1,7,140,0.0144927536231884
7,1,7,152,0.0579710144927536
7,1,7,189,0.0289855072463768
7,1,7,192,0.0289855072463768
7,1,7,213,0.0144927536231884
7,1,7,225,0.130434782608696
7,1,7,226,0.188405797101449
7,1,7,229,0.159420289855072
7,3,7,75,0.419354838709677
7,3,7,152,0.290322580645161
7,3,7,178,0.258064516129032
7,3,7,184,0.032258064516129
7,6,7,75,0.828571428571429
7,6,7,119,0.0571428571428571
7,6,7,184,0.0571428571428571
7,6,7,216,0.0285714285714286
7,6,7,220,0.0285714285714286
7,7,7,43,0.2
7,7,7,63,0.00952380952380952
7,7,7,70,0.00952380952380952
7,7,7,75,0.19047619047619
7,7,7,86,0.00952380952380952
7,7,7,98,0.00952380952380952
7,7,7,104,0.019047619047619
7,7,7,116,0.00952380952380952
7,7,7,119,0.0761904761904762
7,7,7,139,0.019047619047619
7,7,7,184,0.019047619047619
7,7,7,203,0.00952380952380952
7,7,7,223,0.00952380952380952
7,7,7,225,0.247619047619048
7,7,7,229,0.161904761904762
7,8,7,75,0.916666666666667
7,8,7,104,0.0833333333333333
7,10,7,43,0.328358208955224
7,10,7,46,0.0149253731343284
7,10,7,75,0.0149253731343284
7,10,7,138,0.0298507462686567
7,10,7,139,0.0149253731343284
7,10,7,226,0.597014925373134
7,15,7,104,1
7,23,7,38,0.0625
7,23,7,43,0.0625
7,23,7,46,0.625
7,23,7,75,0.0625
7,23,7,139,0.1875
7,24,7,75,0.333333333333333
7,24,7,226,0.666666666666667
7,25,7,75,1
7,27,7,43,0.0175438596491228
7,27,7,49,0.0175438596491228
7,27,7,75,0.859649122807018
7,27,7,116,0.0526315789473684
7,27,7,129,0.0175438596491228
7,27,7,158,0.0175438596491228
7,27,7,203,0.0175438596491228
7,31,7,43,0.0909090909090909
7,31,7,63,0.0909090909090909
7,31,7,75,0.636363636363636
7,31,7,147,0.0909090909090909
7,31,7,203,0.0909090909090909
7,34,7,43,0.230769230769231
7,34,7,75,0.461538461538462
7,34,7,139,0.153846153846154
7,34,7,140,0.0769230769230769
7,34,7,141,0.0769230769230769
8,1,8,49,0.015625
8,1,8,75,0.125
8,1,8,104,0.046875
8,1,8,115,0.015625
8,1,8,139,0.0625
8,1,8,160,0.015625
8,1,8,202,0.015625
8,1,8,213,0.046875
8,1,8,225,0.046875
8,1,8,226,0.03125
8,1,8,229,0.578125
8,2,8,117,1
8,3,8,43,0.19047619047619
8,3,8,75,0.285714285714286
8,3,8,116,0.0476190476190476
8,3,8,152,0.238095238095238
8,3,8,178,0.19047619047619
8,3,8,213,0.0476190476190476
8,4,8,75,0.25
8,4,8,227,0.25
8,4,8,229,0.5
8,6,8,75,0.324324324324324
8,6,8,79,0.0135135135135135
8,6,8,84,0.0135135135135135
8,6,8,116,0.0135135135135135
8,6,8,150,0.0405405405405405
8,6,8,184,0.472972972972973
8,6,8,185,0.027027027027027
8,6,8,220,0.0945945945945946
8,7,8,43,0.128378378378378
8,7,8,67,0.027027027027027
8,7,8,75,0.344594594594595
8,7,8,97,0.00675675675675676
8,7,8,102,0.00675675675675676
8,7,8,116,0.0202702702702703
8,7,8,119,0.0743243243243243
8,7,8,120,0.0540540540540541
8,7,8,147,0.0135135135135135
8,7,8,155,0.00675675675675676
8,7,8,203,0.0135135135135135
8,7,8,220,0.0202702702702703
8,7,8,225,0.283783783783784
8,8,8,75,0.833333333333333
8,8,8,116,0.0416666666666667
8,8,8,117,0.0416666666666667
8,8,8,120,0.0833333333333333
8,10,8,75,0.2
8,10,8,138,0.3
8,10,8,226,0.5
8,11,8,75,0.727272727272727
8,11,8,83,0.0909090909090909
8,11,8,135,0.181818181818182
8,14,8,139,1
8,15,8,150,0.333333333333333
8,15,8,213,0.333333333333333
8,15,8,234,0.333333333333333
8,16,8,39,0.142857142857143
8,16,8,46,0.142857142857143
8,16,8,47,0.142857142857143
8,16,8,75,0.5
8,16,8,140,0.0714285714285714
8,23,8,39,0.2
8,23,8,46,0.2
8,23,8,47,0.2
8,23,8,75,0.2
8,23,8,220,0.2
8,24,8,75,0.457142857142857
8,24,8,91,0.114285714285714
8,24,8,226,0.428571428571429
8,26,8,43,0.191919191919192
8,26,8,46,0.0707070707070707
8,26,8,75,0.0303030303030303
8,26,8,102,0.0101010101010101
8,26,8,104,0.0707070707070707
8,26,8,116,0.0909090909090909
8,26,8,117,0.0505050505050505
8,26,8,139,0.161616161616162
8,26,8,140,0.101010101010101
8,26,8,152,0.111111111111111
8,26,8,178,0.0101010101010101
8,26,8,213,0.0909090909090909
8,26,8,229,0.0101010101010101
8,27,8,36,0.0188679245283019
8,27,8,43,0.0566037735849057
8,27,8,75,0.679245283018868
8,27,8,94,0.0188679245283019
8,27,8,116,0.0188679245283019
8,27,8,119,0.0377358490566038
8,27,8,158,0.150943396226415
8,27,8,163,0.0188679245283019
8,31,8,75,0.916666666666667
8,31,8,203,0.0833333333333333
8,34,8,75,0.25
8,34,8,102,0.25
8,34,8,118,0.25
8,34,8,150,0.25
9,1,9,65,0.0294117647058824
9,1,9,71,0.0588235294117647
9,1,9,73,0.0294117647058824
9,1,9,75,0.0588235294117647
9,1,9,93,0.0588235294117647
9,1,9,139,0.147058823529412
9,1,9,162,0.0294117647058824
9,1,9,182,0.0294117647058824
9,1,9,214,0.117647058823529
9,1,9,222,0.0588235294117647
9,1,9,223,0.0294117647058824
9,1,9,224,0.0882352941176471
9,1,9,225,0.0882352941176471
9,1,9,226,0.176470588235294
9,6,9,53,0.0222222222222222
9,6,9,75,0.666666666666667
9,6,9,119,0.133333333333333
9,6,9,183,0.0666666666666667
9,6,9,186,0.0222222222222222
9,6,9,199,0.0222222222222222
9,6,9,214,0.0444444444444444
9,6,9,224,0.0222222222222222
9,7,9,75,0.2
9,7,9,104,0.0166666666666667
9,7,9,119,0.283333333333333
9,7,9,172,0.0166666666666667
9,7,9,174,0.0333333333333333
9,7,9,183,0.166666666666667
9,7,9,214,0.0166666666666667
9,7,9,224,0.0166666666666667
9,7,9,225,0.25
9,8,9,50,0.0588235294117647
9,8,9,75,0.794117647058823
9,8,9,116,0.0294117647058824
9,8,9,158,0.0294117647058824
9,8,9,165,0.0294117647058824
9,8,9,214,0.0588235294117647
9,14,9,226,1
9,15,9,49,0.111111111111111
9,15,9,71,0.222222222222222
9,15,9,104,0.111111111111111
9,15,9,133,0.111111111111111
9,15,9,138,0.111111111111111
9,15,9,139,0.111111111111111
9,15,9,226,0.222222222222222
9,18,9,75,1
9,27,9,75,0.583333333333333
9,27,9,139,0.0416666666666667
9,27,9,149,0.0833333333333333
9,27,9,174,0.125
9,27,9,183,0.125
9,27,9,205,0.0416666666666667
9,29,9,71,0.0526315789473684
9,29,9,139,0.315789473684211
9,29,9,162,0.0526315789473684
9,29,9,183,0.105263157894737
9,29,9,224,0.157894736842105
9,29,9,226,0.315789473684211
9,30,9,49,0.2
9,30,9,139,0.6
9,30,9,214,0.2
9,31,9,50,0.125
9,31,9,54,0.125
9,31,9,116,0.125
9,31,9,138,0.25
9,31,9,199,0.25
9,31,9,204,0.125
10,1,10,65,0.0196078431372549
10,1,10,71,0.0980392156862745
10,1,10,139,0.0392156862745098
10,1,10,144,0.0980392156862745
10,1,10,214,0.0784313725490196
10,1,10,224,0.0196078431372549
10,1,10,225,0.647058823529412
10,2,10,46,0.5
10,2,10,81,0.5
10,6,10,71,0.0263157894736842
10,6,10,75,0.263157894736842
10,6,10,119,0.0263157894736842
10,6,10,122,0.0263157894736842
10,6,10,138,0.184210526315789
10,6,10,183,0.421052631578947
10,6,10,197,0.0263157894736842
10,6,10,214,0.0263157894736842
10,7,10,41,0.103448275862069
10,7,10,75,0.160919540229885
10,7,10,90,0.0114942528735632
10,7,10,111,0.0344827586206897
10,7,10,119,0.195402298850575
10,7,10,138,0.0459770114942529
10,7,10,139,0.0114942528735632
10,7,10,183,0.126436781609195
10,7,10,224,0.241379310344828
10,7,10,225,0.0689655172413793
10,8,10,75,0.727272727272727
10,8,10,83,0.0303030303030303
10,8,10,125,0.0303030303030303
10,8,10,138,0.0303030303030303
10,8,10,158,0.0303030303030303
10,8,10,199,0.0303030303030303
10,8,10,214,0.121212121212121
10,10,10,46,0.2
10,10,10,47,0.1
10,10,10,49,0.2
10,10,10,139,0.3
10,10,10,200,0.2
10,14,10,39,0.333333333333333
10,14,10,46,0.333333333333333
10,14,10,226,0.333333333333333
10,15,10,46,0.0227272727272727
10,15,10,49,0.113636363636364
10,15,10,50,0.0227272727272727
10,15,10,75,0.0227272727272727
10,15,10,116,0.0227272727272727
10,15,10,139,0.477272727272727
10,15,10,170,0.0227272727272727
10,15,10,182,0.0227272727272727
10,15,10,183,0.113636363636364
10,15,10,224,0.0227272727272727
10,15,10,226,0.113636363636364
10,15,10,234,0.0227272727272727
10,23,10,39,0.285714285714286
10,23,10,68,0.285714285714286
10,23,10,138,0.285714285714286
10,23,10,139,0.142857142857143
10,27,10,50,0.171875
10,27,10,75,0.75
10,27,10,183,0.0625
10,27,10,204,0.015625
10,29,10,49,0.0285714285714286
10,29,10,75,0.257142857142857
10,29,10,124,0.0285714285714286
10,29,10,138,0.0857142857142857
10,29,10,139,0.0571428571428571
10,29,10,144,0.0285714285714286
10,29,10,162,0.0857142857142857
10,29,10,183,0.0571428571428571
10,29,10,224,0.0285714285714286
10,29,10,226,0.314285714285714
10,29,10,233,0.0285714285714286
10,31,10,50,0.0769230769230769
10,31,10,75,0.230769230769231
10,31,10,121,0.0769230769230769
10,31,10,138,0.0769230769230769
10,31,10,165,0.0769230769230769
10,31,10,183,0.461538461538462
10,32,10,224,1
11,2,11,46,0.2
11,2,11,75,0.1
11,2,11,95,0.1
11,2,11,104,0.1
11,2,11,116,0.1
11,2,11,117,0.3
11,2,11,119,0.1
11,3,11,75,1
11,6,11,75,0.84375
11,6,11,107,0.03125
11,6,11,111,0.03125
11,6,11,138,0.0625
11,6,11,139,0.03125
11,7,11,75,0.592105263157895
11,7,11,85,0.0131578947368421
11,7,11,89,0.0263157894736842
11,7,11,138,0.0921052631578947
11,7,11,139,0.0263157894736842
11,7,11,223,0.0131578947368421
11,7,11,225,0.236842105263158
11,8,11,46,0.0277777777777778
11,8,11,75,0.402777777777778
11,8,11,80,0.0138888888888889
11,8,11,85,0.0277777777777778
11,8,11,89,0.0277777777777778
11,8,11,96,0.0277777777777778
11,8,11,104,0.0138888888888889
11,8,11,107,0.0277777777777778
11,8,11,114,0.0138888888888889
11,8,11,116,0.125
11,8,11,117,0.0555555555555556
11,8,11,119,0.0138888888888889
11,8,11,138,0.0694444444444444
11,8,11,139,0.0277777777777778
11,8,11,143,0.0138888888888889
11,8,11,144,0.0138888888888889
11,8,11,160,0.0138888888888889
11,8,11,161,0.0277777777777778
11,8,11,176,0.0138888888888889
11,8,11,200,0.0138888888888889
11,8,11,214,0.0277777777777778
11,19,11,81,0.1
11,19,11,137,0.1
11,19,11,139,0.1
11,19,11,148,0.1
11,19,11,169,0.1
11,19,11,204,0.1
11,19,11,226,0.4
11,27,11,75,0.903225806451613
11,27,11,105,0.032258064516129
11,27,11,144,0.032258064516129
11,27,11,219,0.032258064516129
11,31,11,75,0.8
11,31,11,160,0.2
12,2,12,46,0.375
12,2,12,75,0.125
12,2,12,95,0.125
12,2,12,116,0.25
12,2,12,235,0.125
12,3,12,75,0.714285714285714
12,3,12,175,0.142857142857143
12,3,12,178,0.142857142857143
12,6,12,75,0.857142857142857
12,6,12,89,0.0357142857142857
12,6,12,116,0.0357142857142857
12,6,12,160,0.0357142857142857
12,6,12,191,0.0357142857142857
12,7,12,75,0.363636363636364
12,7,12,77,0.0181818181818182
12,7,12,89,0.0181818181818182
12,7,12,99,0.0181818181818182
12,7,12,104,0.0181818181818182
12,7,12,119,0.0181818181818182
12,7,12,138,0.0181818181818182
12,7,12,139,0.0363636363636364
12,7,12,175,0.0181818181818182
12,7,12,193,0.0181818181818182
12,7,12,195,0.0181818181818182
12,7,12,225,0.436363636363636
12,8,12,60,0.0105263157894737
12,8,12,75,0.442105263157895
12,8,12,79,0.0210526315789474
12,8,12,85,0.0105263157894737
12,8,12,93,0.0105263157894737
12,8,12,96,0.115789473684211
12,8,12,104,0.0105263157894737
12,8,12,112,0.0105263157894737
12,8,12,116,0.0315789473684211
12,8,12,119,0.0315789473684211
12,8,12,138,0.0631578947368421
12,8,12,139,0.0947368421052632
12,8,12,144,0.0421052631578947
12,8,12,160,0.0526315789473684
12,8,12,174,0.0105263157894737
12,8,12,203,0.0105263157894737
12,8,12,213,0.0105263157894737
12,8,12,219,0.0210526315789474
12,27,12,75,0.934782608695652
12,27,12,90,0.0217391304347826
12,27,12,99,0.0217391304347826
12,27,12,163,0.0217391304347826
12,29,12,162,0.444444444444444
12,29,12,177,0.111111111111111
12,29,12,208,0.222222222222222
12,29,12,226,0.222222222222222
12,31,12,75,0.666666666666667
12,31,12,219,0.333333333333333
12,33,12,75,1
12,34,12,118,0.142857142857143
12,34,12,162,0.714285714285714
12,34,12,191,0.142857142857143
1,52,1,6,1
1,66,1,6,0.222222222222222
1,93,1,6,1
1,159,1,6,1
1,183,1,6,0.409090909090909
1,48,1,7,0.909090909090909
1,62,1,7,0.625
1,66,1,7,0.555555555555556
1,76,1,7,1
1,88,1,7,1
1,144,1,7,0.4
1,154,1,7,1
1,165,1,7,1
1,181,1,7,1
1,183,1,7,0.481818181818182
1,197,1,7,1
1,201,1,7,1
1,203,1,7,0.666666666666667
1,215,1,7,1
1,225,1,7,0.954545454545455
1,109,1,12,0.5
1,196,1,12,0.5
1,226,1,12,0.666666666666667
1,43,1,15,1
1,46,1,15,0.142857142857143
1,48,1,15,0.0909090909090909
1,57,1,15,1
1,62,1,15,0.375
1,66,1,15,0.222222222222222
1,72,1,15,1
1,74,1,15,0.666666666666667
1,78,1,15,1
1,103,1,15,1
1,109,1,15,0.5
1,124,1,15,1
1,138,1,15,1
1,144,1,15,0.6
1,173,1,15,1
1,183,1,15,0.109090909090909
1,188,1,15,1
1,190,1,15,1
1,198,1,15,1
1,203,1,15,0.333333333333333
1,226,1,15,0.222222222222222
1,234,1,15,1
1,46,1,23,0.714285714285714
1,74,1,23,0.333333333333333
1,75,1,23,1
1,225,1,23,0.0454545454545455
1,226,1,23,0.111111111111111
1,228,1,23,1
1,218,1,28,1
1,46,1,32,0.142857142857143
1,83,1,32,1
1,196,1,32,0.5
2,48,2,6,0.5
2,66,2,6,0.181818181818182
2,68,2,6,1
2,93,2,6,0.4
2,109,2,6,0.333333333333333
2,183,2,6,0.407894736842105
2,196,2,6,0.2
2,197,2,6,1
2,203,2,6,0.533333333333333
2,43,2,7,1
2,48,2,7,0.5
2,55,2,7,1
2,62,2,7,0.818181818181818
2,66,2,7,0.727272727272727
2,100,2,7,1
2,144,2,7,0.5
2,177,2,7,1
2,183,2,7,0.592105263157895
2,186,2,7,1
2,194,2,7,1
2,196,2,7,0.6
2,203,2,7,0.133333333333333
2,217,2,7,1
2,218,2,7,1
2,225,2,7,0.981481481481482
2,123,2,12,1
2,226,2,12,0.6
2,132,2,13,1
2,168,2,13,1
2,226,2,13,0.4
2,42,2,15,1
2,46,2,15,0.25
2,59,2,15,1
2,72,2,15,1
2,82,2,15,1
2,93,2,15,0.6
2,106,2,15,1
2,130,2,15,1
2,142,2,15,0.2
2,144,2,15,0.5
2,190,2,15,1
2,196,2,15,0.2
2,198,2,15,1
2,203,2,15,0.266666666666667
2,234,2,15,1
2,62,2,20,0.0909090909090909
2,74,2,20,0.2
2,87,2,20,1
2,46,2,23,0.75
2,62,2,23,0.0909090909090909
2,66,2,23,0.0909090909090909
2,109,2,23,0.666666666666667
2,142,2,23,0.8
2,203,2,23,0.0666666666666667
2,225,2,23,0.0185185185185185
2,74,2,28,0.8
2,83,2,28,1
3,49,3,6,0.333333333333333
3,75,3,6,0.336633663366337
3,83,3,6,1
3,93,3,6,0.5
3,96,3,6,0.166666666666667
3,101,3,6,1
3,139,3,6,0.125
3,144,3,6,0.25
3,158,3,6,0.230769230769231
3,166,3,6,0.111111111111111
3,197,3,6,0.5
3,206,3,6,0.5
3,225,3,6,0.0112359550561798
3,43,3,7,0.615384615384615
3,49,3,7,0.333333333333333
3,58,3,7,0.25
3,61,3,7,0.0625
3,75,3,7,0.356435643564356
3,93,3,7,0.4375
3,138,3,7,0.0909090909090909
3,139,3,7,0.25
3,158,3,7,0.384615384615385
3,166,3,7,0.111111111111111
3,197,3,7,0.5
3,206,3,7,0.5
3,225,3,7,0.887640449438202
3,43,3,9,0.307692307692308
3,44,3,9,1
3,46,3,9,0.2
3,61,3,9,0.25
3,69,3,9,1
3,75,3,9,0.138613861386139
3,93,3,9,0.0625
3,96,3,9,0.333333333333333
3,114,3,9,1
3,117,3,9,0.75
3,126,3,9,1
3,128,3,9,1
3,136,3,9,1
3,139,3,9,0.25
3,144,3,9,0.75
3,151,3,9,1
3,158,3,9,0.230769230769231
3,166,3,9,0.555555555555556
3,200,3,9,1
3,61,3,10,0.0625
3,138,3,10,0.545454545454545
3,226,3,10,0.8
3,75,3,14,0.0099009900990099
3,221,3,14,0.5
3,226,3,14,0.1
3,58,3,15,0.75
3,61,3,15,0.3125
3,184,3,15,1
3,221,3,15,0.5
3,226,3,15,0.05
3,39,3,23,1
3,46,3,23,0.8
3,47,3,23,1
3,49,3,23,0.333333333333333
3,75,3,23,0.0099009900990099
3,117,3,23,0.25
3,138,3,23,0.0909090909090909
3,139,3,23,0.375
3,61,3,30,0.1875
3,75,3,30,0.0297029702970297
3,96,3,30,0.5
3,138,3,30,0.272727272727273
3,166,3,30,0.111111111111111
3,43,3,31,0.0769230769230769
3,75,3,31,0.118811881188119
3,146,3,31,1
3,158,3,31,0.153846153846154
3,166,3,31,0.111111111111111
3,61,3,34,0.125
3,78,3,34,1
3,225,3,34,0.101123595505618
3,226,3,34,0.05
3,227,3,34,1
4,56,4,6,1
4,75,4,6,0.350282485875706
4,158,4,6,0.4
4,166,4,6,0.166666666666667
4,43,4,7,0.176470588235294
4,45,4,7,1
4,49,4,7,0.2
4,61,4,7,0.111111111111111
4,75,4,7,0.242937853107345
4,88,4,7,1
4,93,4,7,1
4,138,4,7,0.166666666666667
4,166,4,7,0.833333333333333
4,210,4,7,1
4,225,4,7,1
4,227,4,7,1
4,35,4,9,1
4,43,4,9,0.235294117647059
4,75,4,9,0.15819209039548
4,136,4,9,1
4,139,4,9,0.0769230769230769
4,197,4,9,1
4,200,4,9,1
4,44,4,10,1
4,61,4,10,0.222222222222222
4,75,4,10,0.00564971751412429
4,138,4,10,0.166666666666667
4,226,4,10,1
4,37,4,15,1
4,43,4,15,0.588235294117647
4,49,4,15,0.2
4,61,4,15,0.444444444444444
4,108,4,15,0.5
4,139,4,15,0.307692307692308
4,170,4,15,1
4,182,4,15,0.75
4,232,4,15,1
4,234,4,15,1
4,46,4,17,0.4
4,169,4,22,1
4,39,4,23,1
4,46,4,23,0.6
4,75,4,23,0.00564971751412429
4,139,4,23,0.384615384615385
4,182,4,23,0.25
4,184,4,23,1
4,49,4,30,0.6
4,75,4,30,0.0564971751412429
4,108,4,30,0.5
4,138,4,30,0.666666666666667
4,139,4,30,0.230769230769231
4,178,4,30,1
4,223,4,30,1
4,61,4,31,0.222222222222222
4,75,4,31,0.180790960451977
4,94,4,31,1
4,144,4,31,1
4,158,4,31,0.6
5,166,5,1,1
5,191,5,1,0.5
5,202,5,1,1
5,225,5,1,0.666666666666667
5,75,5,5,0.0106951871657754
5,35,5,6,1
5,75,5,6,0.224598930481283
5,185,5,6,1
5,43,5,7,0.5
5,70,5,7,1
5,75,5,7,0.197860962566845
5,81,5,7,0.5
5,108,5,7,1
5,139,5,7,0.166666666666667
5,220,5,7,0.333333333333333
5,225,5,7,0.0555555555555556
5,43,5,8,0.5
5,49,5,8,0.333333333333333
5,75,5,8,0.117647058823529
5,114,5,8,1
5,145,5,8,1
5,148,5,8,1
5,180,5,8,1
5,212,5,8,0.5
5,225,5,8,0.0555555555555556
5,75,5,11,0.0588235294117647
5,184,5,11,0.5
5,220,5,11,0.266666666666667
5,220,5,12,0.0333333333333333
5,225,5,12,0.0555555555555556
5,226,5,12,1
5,58,5,15,1
5,75,5,15,0.0053475935828877
5,81,5,15,0.5
5,121,5,15,1
5,123,5,15,1
5,139,5,15,0.166666666666667
5,220,5,15,0.133333333333333
5,234,5,15,1
5,39,5,18,1
5,47,5,18,1
5,49,5,18,0.333333333333333
5,75,5,18,0.0053475935828877
5,139,5,18,0.166666666666667
5,209,5,18,1
5,211,5,18,1
5,220,5,18,0.0333333333333333
5,75,5,21,0.0106951871657754
5,46,5,23,1
5,75,5,23,0.0160427807486631
5,220,5,23,0.0333333333333333
5,50,5,27,1
5,75,5,27,0.315508021390374
5,93,5,27,1
5,139,5,27,0.166666666666667
5,144,5,27,1
5,158,5,27,1
5,179,5,27,1
5,197,5,27,1
5,199,5,27,1
5,212,5,27,0.5
5,49,5,30,0.333333333333333
5,75,5,30,0.0213903743315508
5,220,5,30,0.0333333333333333
5,139,5,33,0.166666666666667
5,220,5,33,0.0333333333333333
5,225,5,33,0.166666666666667
5,75,5,34,0.0160427807486631
5,139,5,34,0.166666666666667
5,162,5,34,1
5,184,5,34,0.5
5,191,5,34,0.5
5,220,5,34,0.1
6,43,6,1,0.0526315789473684
6,58,6,1,0.666666666666667
6,113,6,1,1
6,134,6,1,1
6,138,6,1,1
6,162,6,1,0.130434782608696
6,166,6,1,1
6,171,6,1,1
6,184,6,1,0.157894736842105
6,192,6,1,1
6,213,6,1,1
6,220,6,1,0.111111111111111
6,225,6,1,0.608695652173913
6,226,6,1,0.692307692307692
6,227,6,1,1
6,231,6,1,1
6,49,6,6,0.142857142857143
6,75,6,6,0.339622641509434
6,93,6,6,0.0540540540540541
6,225,6,6,0.0217391304347826
6,35,6,7,1
6,43,6,7,0.789473684210526
6,64,6,7,1
6,75,6,7,0.207547169811321
6,141,6,7,1
6,167,6,7,1
6,184,6,7,0.105263157894737
6,207,6,7,1
6,225,6,7,0.282608695652174
6,43,6,8,0.105263157894737
6,49,6,8,0.571428571428571
6,51,6,8,1
6,68,6,8,1
6,75,6,8,0.0754716981132075
6,83,6,8,1
6,114,6,8,0.5
6,115,6,8,1
6,144,6,8,0.125
6,157,6,8,1
6,158,6,8,0.2
6,180,6,8,1
6,184,6,8,0.157894736842105
6,187,6,8,1
6,204,6,8,0.166666666666667
6,212,6,8,1
6,226,6,10,0.0461538461538462
6,40,6,11,1
6,75,6,11,0.0566037735849057
6,156,6,11,0.5
6,220,6,11,0.666666666666667
6,49,6,12,0.142857142857143
6,75,6,12,0.0188679245283019
6,184,6,12,0.157894736842105
6,225,6,12,0.0434782608695652
6,226,6,12,0.0615384615384615
6,43,6,15,0.0526315789473684
6,75,6,15,0.0188679245283019
6,108,6,15,1
6,114,6,15,0.5
6,118,6,15,0.5
6,139,6,15,1
6,162,6,15,0.0434782608695652
6,184,6,15,0.368421052631579
6,226,6,15,0.0769230769230769
6,230,6,15,1
6,234,6,15,1
6,46,6,21,1
6,153,6,21,1
6,164,6,21,1
6,220,6,21,0.111111111111111
6,75,6,23,0.0188679245283019
6,75,6,27,0.226415094339623
6,91,6,27,1
6,92,6,27,1
6,93,6,27,0.945945945945946
6,127,6,27,1
6,144,6,27,0.875
6,156,6,27,0.5
6,158,6,27,0.6
6,184,6,27,0.0526315789473684
6,197,6,27,1
6,199,6,27,1
6,202,6,27,1
6,204,6,27,0.833333333333333
6,131,6,33,1
6,158,6,33,0.2
6,225,6,33,0.0217391304347826
6,49,6,34,0.142857142857143
6,58,6,34,0.333333333333333
6,75,6,34,0.0377358490566038
6,118,6,34,0.5
6,162,6,34,0.826086956521739
6,183,6,34,1
6,220,6,34,0.111111111111111
6,225,6,34,0.0217391304347826
6,226,6,34,0.123076923076923
7,66,7,1,1
7,75,7,1,0.0445859872611465
7,104,7,1,0.555555555555556
7,110,7,1,1
7,113,7,1,1
7,139,7,1,0.578947368421053
7,140,7,1,0.5
7,152,7,1,0.307692307692308
7,189,7,1,1
7,192,7,1,1
7,213,7,1,1
7,225,7,1,0.257142857142857
7,226,7,1,0.220338983050847
7,229,7,1,0.392857142857143
7,75,7,3,0.0828025477707006
7,152,7,3,0.692307692307692
7,178,7,3,1
7,184,7,3,0.2
7,75,7,6,0.184713375796178
7,119,7,6,0.2
7,184,7,6,0.4
7,216,7,6,1
7,220,7,6,1
7,43,7,7,0.428571428571429
7,63,7,7,0.5
7,70,7,7,1
7,75,7,7,0.127388535031847
7,86,7,7,1
7,98,7,7,1
7,104,7,7,0.222222222222222
7,116,7,7,0.25
7,119,7,7,0.8
7,139,7,7,0.105263157894737
7,184,7,7,0.4
7,203,7,7,0.333333333333333
7,223,7,7,1
7,225,7,7,0.742857142857143
7,229,7,7,0.607142857142857
7,75,7,8,0.0700636942675159
7,104,7,8,0.111111111111111
7,43,7,10,0.448979591836735
7,46,7,10,0.0909090909090909
7,75,7,10,0.00636942675159236
7,138,7,10,1
7,139,7,10,0.0526315789473684
7,226,7,10,0.677966101694915
7,104,7,15,0.111111111111111
7,38,7,23,1
7,43,7,23,0.0204081632653061
7,46,7,23,0.909090909090909
7,75,7,23,0.00636942675159236
7,139,7,23,0.157894736842105
7,75,7,24,0.0191082802547771
7,226,7,24,0.101694915254237
7,75,7,25,0.0636942675159236
7,43,7,27,0.0204081632653061
7,49,7,27,1
7,75,7,27,0.312101910828025
7,116,7,27,0.75
7,129,7,27,1
7,158,7,27,1
7,203,7,27,0.333333333333333
7,43,7,31,0.0204081632653061
7,63,7,31,0.5
7,75,7,31,0.0445859872611465
7,147,7,31,1
7,203,7,31,0.333333333333333
7,43,7,34,0.0612244897959184
7,75,7,34,0.0382165605095541
7,139,7,34,0.105263157894737
7,140,7,34,0.5
7,141,7,34,1
8,49,8,1,1
8,75,8,1,0.041025641025641
8,104,8,1,0.3
8,115,8,1,1
8,139,8,1,0.19047619047619
8,160,8,1,1
8,202,8,1,1
8,213,8,1,0.214285714285714
8,225,8,1,0.0666666666666667
8,226,8,1,0.0909090909090909
8,229,8,1,0.925
8,117,8,2,0.142857142857143
8,43,8,3,0.0888888888888889
8,75,8,3,0.0307692307692308
8,116,8,3,0.0625
8,152,8,3,0.3125
8,178,8,3,0.8
8,213,8,3,0.0714285714285714
8,75,8,4,0.00512820512820513
8,227,8,4,1
8,229,8,4,0.05
8,75,8,6,0.123076923076923
8,79,8,6,1
8,84,8,6,1
8,116,8,6,0.0625
8,150,8,6,0.6
8,184,8,6,1
8,185,8,6,1
8,220,8,6,0.636363636363636
8,43,8,7,0.422222222222222
8,67,8,7,1
8,75,8,7,0.261538461538462
8,97,8,7,1
8,102,8,7,0.333333333333333
8,116,8,7,0.1875
8,119,8,7,0.846153846153846
8,120,8,7,0.8
8,147,8,7,1
8,155,8,7,1
8,203,8,7,0.666666666666667
8,220,8,7,0.272727272727273
8,225,8,7,0.933333333333333
8,75,8,8,0.102564102564103
8,116,8,8,0.0625
8,117,8,8,0.142857142857143
8,120,8,8,0.2
8,75,8,10,0.0102564102564103
8,138,8,10,1
8,226,8,10,0.227272727272727
8,75,8,11,0.041025641025641
8,83,8,11,1
8,135,8,11,1
8,139,8,14,0.0476190476190476
8,150,8,15,0.2
8,213,8,15,0.0714285714285714
8,234,8,15,1
8,39,8,16,0.666666666666667
8,46,8,16,0.2
8,47,8,16,0.666666666666667
8,75,8,16,0.0358974358974359
8,140,8,16,0.0909090909090909
8,39,8,23,0.333333333333333
8,46,8,23,0.1
8,47,8,23,0.333333333333333
8,75,8,23,0.00512820512820513
8,220,8,23,0.0909090909090909
8,75,8,24,0.0820512820512821
8,91,8,24,1
8,226,8,24,0.681818181818182
8,43,8,26,0.422222222222222
8,46,8,26,0.7
8,75,8,26,0.0153846153846154
8,102,8,26,0.333333333333333
8,104,8,26,0.7
8,116,8,26,0.5625
8,117,8,26,0.714285714285714
8,139,8,26,0.761904761904762
8,140,8,26,0.909090909090909
8,152,8,26,0.6875
8,178,8,26,0.2
8,213,8,26,0.642857142857143
8,229,8,26,0.025
8,36,8,27,1
8,43,8,27,0.0666666666666667
8,75,8,27,0.184615384615385
8,94,8,27,1
8,116,8,27,0.0625
8,119,8,27,0.153846153846154
8,158,8,27,1
8,163,8,27,1
8,75,8,31,0.0564102564102564
8,203,8,31,0.333333333333333
8,75,8,34,0.00512820512820513
8,102,8,34,0.333333333333333
8,118,8,34,1
8,150,8,34,0.2
9,65,9,1,1
9,71,9,1,0.4
9,73,9,1,1
9,75,9,1,0.0229885057471264
9,93,9,1,1
9,139,9,1,0.3125
9,162,9,1,0.5
9,182,9,1,1
9,214,9,1,0.4
9,222,9,1,1
9,223,9,1,1
9,224,9,1,0.375
9,225,9,1,0.166666666666667
9,226,9,1,0.4
9,53,9,6,1
9,75,9,6,0.344827586206897
9,119,9,6,0.260869565217391
9,183,9,6,0.166666666666667
9,186,9,6,1
9,199,9,6,0.333333333333333
9,214,9,6,0.2
9,224,9,6,0.125
9,75,9,7,0.137931034482759
9,104,9,7,0.5
9,119,9,7,0.739130434782609
9,172,9,7,1
9,174,9,7,0.4
9,183,9,7,0.555555555555556
9,214,9,7,0.1
9,224,9,7,0.125
9,225,9,7,0.833333333333333
9,50,9,8,0.666666666666667
9,75,9,8,0.310344827586207
9,116,9,8,0.5
9,158,9,8,1
9,165,9,8,1
9,214,9,8,0.2
9,226,9,14,0.0666666666666667
9,49,9,15,0.5
9,71,9,15,0.4
9,104,9,15,0.5
9,133,9,15,1
9,138,9,15,0.333333333333333
9,139,9,15,0.0625
9,226,9,15,0.133333333333333
9,75,9,18,0.0229885057471264
9,75,9,27,0.160919540229885
9,139,9,27,0.0625
9,149,9,27,1
9,174,9,27,0.6
9,183,9,27,0.166666666666667
9,205,9,27,1
9,71,9,29,0.2
9,139,9,29,0.375
9,162,9,29,0.5
9,183,9,29,0.111111111111111
9,224,9,29,0.375
9,226,9,29,0.4
9,49,9,30,0.5
9,139,9,30,0.1875
9,214,9,30,0.1
9,50,9,31,0.333333333333333
9,54,9,31,1
9,116,9,31,0.5
9,138,9,31,0.666666666666667
9,199,9,31,0.666666666666667
9,204,9,31,1
10,65,10,1,1
10,71,10,1,0.833333333333333
10,139,10,1,0.0666666666666667
10,144,10,1,0.833333333333333
10,214,10,1,0.444444444444444
10,224,10,1,0.0384615384615385
10,225,10,1,0.846153846153846
10,46,10,2,0.333333333333333
10,81,10,2,1
10,71,10,6,0.166666666666667
10,75,10,6,0.0917431192660551
10,119,10,6,0.0555555555555556
10,122,10,6,1
10,138,10,6,0.388888888888889
10,183,10,6,0.363636363636364
10,197,10,6,1
10,214,10,6,0.111111111111111
10,41,10,7,1
10,75,10,7,0.128440366972477
10,90,10,7,1
10,111,10,7,1
10,119,10,7,0.944444444444444
10,138,10,7,0.222222222222222
10,139,10,7,0.0333333333333333
10,183,10,7,0.25
10,224,10,7,0.807692307692308
10,225,10,7,0.153846153846154
10,75,10,8,0.220183486238532
10,83,10,8,1
10,125,10,8,1
10,138,10,8,0.0555555555555556
10,158,10,8,1
10,199,10,8,1
10,214,10,8,0.444444444444444
10,46,10,10,0.333333333333333
10,47,10,10,1
10,49,10,10,0.25
10,139,10,10,0.1
10,200,10,10,1
10,39,10,14,0.333333333333333
10,46,10,14,0.166666666666667
10,226,10,14,0.0588235294117647
10,46,10,15,0.166666666666667
10,49,10,15,0.625
10,50,10,15,0.0769230769230769
10,75,10,15,0.00917431192660551
10,116,10,15,1
10,139,10,15,0.7
10,170,10,15,1
10,182,10,15,1
10,183,10,15,0.113636363636364
10,224,10,15,0.0384615384615385
10,226,10,15,0.294117647058824
10,234,10,15,1
10,39,10,23,0.666666666666667
10,68,10,23,1
10,138,10,23,0.111111111111111
10,139,10,23,0.0333333333333333
10,50,10,27,0.846153846153846
10,75,10,27,0.440366972477064
10,183,10,27,0.0909090909090909
10,204,10,27,1
10,49,10,29,0.125
10,75,10,29,0.0825688073394495
10,124,10,29,1
10,138,10,29,0.166666666666667
10,139,10,29,0.0666666666666667
10,144,10,29,0.166666666666667
10,162,10,29,1
10,183,10,29,0.0454545454545455
10,224,10,29,0.0384615384615385
10,226,10,29,0.647058823529412
10,233,10,29,1
10,50,10,31,0.0769230769230769
10,75,10,31,0.0275229357798165
10,121,10,31,1
10,138,10,31,0.0555555555555556
10,165,10,31,1
10,183,10,31,0.136363636363636
10,224,10,32,0.0769230769230769
11,46,11,2,0.5
11,75,11,2,0.00704225352112676
11,95,11,2,1
11,104,11,2,0.5
11,116,11,2,0.1
11,117,11,2,0.428571428571429
11,119,11,2,0.5
11,75,11,3,0.0563380281690141
11,75,11,6,0.190140845070423
11,107,11,6,0.333333333333333
11,111,11,6,1
11,138,11,6,0.142857142857143
11,139,11,6,0.166666666666667
11,75,11,7,0.316901408450704
11,85,11,7,0.333333333333333
11,89,11,7,0.5
11,138,11,7,0.5
11,139,11,7,0.333333333333333
11,223,11,7,1
11,225,11,7,1
11,46,11,8,0.5
11,75,11,8,0.204225352112676
11,80,11,8,1
11,85,11,8,0.666666666666667
11,89,11,8,0.5
11,96,11,8,1
11,104,11,8,0.5
11,107,11,8,0.666666666666667
11,114,11,8,1
11,116,11,8,0.9
11,117,11,8,0.571428571428571
11,119,11,8,0.5
11,138,11,8,0.357142857142857
11,139,11,8,0.333333333333333
11,143,11,8,1
11,144,11,8,0.5
11,160,11,8,0.5
11,161,11,8,1
11,176,11,8,1
11,200,11,8,1
11,214,11,8,1
11,81,11,19,1
11,137,11,19,1
11,139,11,19,0.166666666666667
11,148,11,19,1
11,169,11,19,1
11,204,11,19,1
11,226,11,19,1
11,75,11,27,0.197183098591549
11,105,11,27,1
11,144,11,27,0.5
11,219,11,27,1
11,75,11,31,0.028169014084507
11,160,11,31,0.5
12,46,12,2,1
12,75,12,2,0.0072463768115942
12,95,12,2,1
12,116,12,2,0.333333333333333
12,235,12,2,1
12,75,12,3,0.036231884057971
12,175,12,3,0.5
12,178,12,3,1
12,75,12,6,0.173913043478261
12,89,12,6,0.5
12,116,12,6,0.166666666666667
12,160,12,6,0.166666666666667
12,191,12,6,0.333333333333333
12,75,12,7,0.144927536231884
12,77,12,7,1
12,89,12,7,0.5
12,99,12,7,0.5
12,104,12,7,0.5
12,119,12,7,0.25
12,138,12,7,0.142857142857143
12,139,12,7,0.181818181818182
12,175,12,7,0.5
12,193,12,7,1
12,195,12,7,1
12,225,12,7,1
12,60,12,8,1
12,75,12,8,0.304347826086957
12,79,12,8,1
12,85,12,8,1
12,93,12,8,1
12,96,12,8,1
12,104,12,8,0.5
12,112,12,8,1
12,116,12,8,0.5
12,119,12,8,0.75
12,138,12,8,0.857142857142857
12,139,12,8,0.818181818181818
12,144,12,8,1
12,160,12,8,0.833333333333333
12,174,12,8,1
12,203,12,8,1
12,213,12,8,1
12,219,12,8,0.666666666666667
12,75,12,27,0.311594202898551
12,90,12,27,1
12,99,12,27,0.5
12,163,12,27,1
12,162,12,29,0.285714285714286
12,177,12,29,1
12,208,12,29,1
12,226,12,29,1
12,75,12,31,0.0144927536231884
12,219,12,31,0.333333333333333
12,75,12,33,0.0072463768115942
12,118,12,34,1
12,162,12,34,0.714285714285714
12,191,12,34,0.666666666666667
2,12,1,12,0.25
5,12,1,12,0.2
6,12,1,12,0.142857142857143
5,12,2,12,0.25
6,12,2,12,0.166666666666667
6,12,5,12,0.333333333333333
2,23,1,23,0.181818181818182
3,23,1,23,0.166666666666667
4,23,1,23,0.2
5,23,1,23,0.285714285714286
6,23,1,23,0.166666666666667
7,23,1,23,0.222222222222222
8,23,1,23,0.222222222222222
3,23,2,23,0.0714285714285714
4,23,2,23,0.0833333333333334
5,23,2,23,0.111111111111111
7,23,2,23,0.0909090909090909
8,23,2,23,0.0909090909090909
3,23,10,23,0.333333333333333
4,23,10,23,0.25
7,23,10,23,0.125
8,23,10,23,0.125
4,23,3,23,0.4
5,23,3,23,0.222222222222222
6,23,3,23,0.125
7,23,3,23,0.3
8,23,3,23,0.444444444444444
5,23,4,23,0.285714285714286
6,23,4,23,0.166666666666667
7,23,4,23,0.375
8,23,4,23,0.375
6,23,5,23,0.333333333333333
7,23,5,23,0.333333333333333
8,23,5,23,0.6
7,23,6,23,0.2
8,23,6,23,0.2
8,23,7,23,0.25
4,9,3,9,0.238095238095238
7,10,10,10,0.222222222222222
4,10,3,10,0.6
6,10,3,10,0.333333333333333
7,10,3,10,0.285714285714286
8,10,3,10,0.5
6,10,4,10,0.2
7,10,4,10,0.375
8,10,4,10,0.6
7,10,6,10,0.166666666666667
8,10,6,10,0.333333333333333
8,10,7,10,0.5
10,14,9,14,0.333333333333333
3,14,9,14,0.333333333333333
3,14,10,14,0.2
4,30,9,30,0.25
5,30,9,30,0.2
4,30,3,30,0.2
5,30,3,30,0.142857142857143
5,30,4,30,0.25
10,31,9,31,0.2
3,31,10,31,0.1
4,31,10,31,0.1
11,31,10,31,0.142857142857143
12,31,10,31,0.142857142857143
7,31,10,31,0.1
8,31,10,31,0.142857142857143
4,31,3,31,0.25
11,31,3,31,0.166666666666667
12,31,3,31,0.166666666666667
7,31,3,31,0.25
8,31,3,31,0.166666666666667
11,31,4,31,0.166666666666667
12,31,4,31,0.166666666666667
7,31,4,31,0.111111111111111
8,31,4,31,0.166666666666667
12,31,11,31,0.333333333333333
7,31,11,31,0.166666666666667
8,31,11,31,0.333333333333333
7,31,12,31,0.166666666666667
8,31,12,31,0.333333333333333
8,31,7,31,0.4
6,34,3,34,0.166666666666667
5,34,12,34,0.285714285714286
6,34,12,34,0.2
8,34,12,34,0.166666666666667
6,34,5,34,0.25
7,34,5,34,0.222222222222222
8,34,5,34,0.111111111111111
7,34,6,34,0.076923076923077
8,34,6,34,0.181818181818182
8,34,7,34,0.125
10,1,9,1,0.4
5,1,9,1,0.0588235294117647
6,1,9,1,0.111111111111111
7,1,9,1,0.166666666666667
8,1,9,1,0.19047619047619
5,1,10,1,0.1
6,1,10,1,0.0454545454545455
7,1,10,1,0.105263157894737
8,1,10,1,0.125
6,1,5,1,0.111111111111111
7,1,5,1,0.0588235294117647
8,1,5,1,0.153846153846154
7,1,6,1,0.2
8,1,6,1,0.125
8,1,7,1,0.388888888888889
10,8,9,8,0.3
11,8,9,8,0.125
12,8,9,8,0.0909090909090909
5,8,9,8,0.0714285714285714
6,8,9,8,0.1
7,8,9,8,0.142857142857143
8,8,9,8,0.25
11,8,10,8,0.12
12,8,10,8,0.0869565217391304
5,8,10,8,0.0666666666666667
6,8,10,8,0.15
7,8,10,8,0.125
8,8,10,8,0.1
12,8,11,8,0.344827586206897
5,8,11,8,0.0714285714285714
6,8,11,8,0.088235294117647
7,8,11,8,0.0952380952380953
8,8,11,8,0.136363636363636
5,8,12,8,0.0384615384615385
6,8,12,8,0.0625
7,8,12,8,0.111111111111111
8,8,12,8,0.1
6,8,5,8,0.315789473684211
7,8,5,8,0.1
8,8,5,8,0.0833333333333334
7,8,6,8,0.0588235294117647
8,8,6,8,0.0526315789473684
8,8,7,8,0.2
6,11,5,11,0.4
8,11,5,11,0.2
8,11,6,11,0.166666666666667
5,18,9,18,0.125
10,27,9,27,0.25
11,27,9,27,0.111111111111111
12,27,9,27,0.111111111111111
5,27,9,27,0.142857142857143
6,27,9,27,0.0555555555555556
7,27,9,27,0.0833333333333334
8,27,9,27,0.076923076923077
11,27,10,27,0.142857142857143
12,27,10,27,0.142857142857143
5,27,10,27,0.166666666666667
6,27,10,27,0.133333333333333
7,27,10,27,0.1
8,27,10,27,0.0909090909090909
12,27,11,27,0.142857142857143
5,27,11,27,0.166666666666667
6,27,11,27,0.133333333333333
7,27,11,27,0.1
8,27,11,27,0.0909090909090909
5,27,12,27,0.076923076923077
6,27,12,27,0.0625
7,27,12,27,0.1
8,27,12,27,0.2
6,27,5,27,0.352941176470588
7,27,5,27,0.133333333333333
8,27,5,27,0.125
7,27,6,27,0.111111111111111
8,27,6,27,0.105263157894737
8,27,7,27,0.363636363636364
6,33,5,33,0.2
12,3,11,3,0.333333333333333
7,3,11,3,0.25
8,3,11,3,0.166666666666667
7,3,12,3,0.4
8,3,12,3,0.285714285714286
8,3,7,3,0.428571428571428
8,24,7,24,0.666666666666667
11,2,10,2,0.125
12,2,10,2,0.166666666666667
12,2,11,2,0.5
8,2,11,2,0.142857142857143
10,29,9,29,0.416666666666667
12,29,9,29,0.25
12,29,10,29,0.153846153846154
2,66,1,66,0.5
2,93,1,93,0.5
3,93,1,93,0.333333333333333
6,93,1,93,0.5
3,93,2,93,0.25
6,93,2,93,0.333333333333333
4,93,3,93,0.333333333333333
6,93,3,93,0.25
6,93,5,93,0.5
2,183,1,183,0.666666666666667
9,183,1,183,0.4
10,183,1,183,0.5
9,183,2,183,0.5
10,183,2,183,0.333333333333333
10,183,9,183,0.666666666666667
2,48,1,48,0.333333333333333
2,62,1,62,0.25
4,88,1,88,1
2,144,1,144,1
12,144,11,144,0.5
5,144,11,144,0.5
6,144,11,144,1
6,144,12,144,0.5
6,144,5,144,0.5
3,197,1,197,0.5
10,197,2,197,1
3,197,2,197,0.5
3,197,10,197,0.5
6,197,5,197,1
2,203,1,203,0.5
7,203,1,203,0.25
8,203,1,203,0.333333333333333
7,203,2,203,0.166666666666667
8,203,2,203,0.2
8,203,7,203,0.666666666666667
4,43,1,43,0.333333333333333
6,43,1,43,0.25
3,43,2,43,0.333333333333333
4,43,2,43,0.333333333333333
5,43,2,43,0.5
6,43,2,43,0.25
7,43,2,43,0.166666666666667
8,43,2,43,0.25
4,43,3,43,0.5
5,43,3,43,0.25
6,43,3,43,0.166666666666667
7,43,3,43,0.285714285714286
8,43,3,43,0.166666666666667
5,43,4,43,0.25
6,43,4,43,0.4
7,43,4,43,0.125
8,43,4,43,0.166666666666667
6,43,5,43,0.5
7,43,5,43,0.142857142857143
8,43,5,43,0.2
7,43,6,43,0.111111111111111
8,43,6,43,0.142857142857143
8,43,7,43,0.25
2,72,1,72,1
2,190,1,190,1
2,198,1,198,1
2,234,1,234,1
10,234,1,234,1
4,234,1,234,1
5,234,1,234,1
6,234,1,234,1
8,234,1,234,1
10,234,2,234,1
4,234,2,234,1
5,234,2,234,1
6,234,2,234,1
8,234,2,234,1
4,234,10,234,1
5,234,10,234,1
6,234,10,234,1
8,234,10,234,1
5,234,4,234,1
6,234,4,234,1
8,234,4,234,1
6,234,5,234,1
8,234,5,234,1
8,234,6,234,1
6,83,10,83,1
10,49,9,49,0.25
4,49,9,49,0.666666666666667
5,49,9,49,0.25
4,49,10,49,0.2
4,49,3,49,0.2
6,49,3,49,0.166666666666667
5,49,4,49,0.2
6,49,5,49,0.166666666666667
12,96,11,96,1
10,158,9,158,1
6,158,9,158,0.333333333333333
6,158,10,158,0.333333333333333
4,158,3,158,0.5
6,158,5,158,0.333333333333333
7,158,5,158,1
8,158,5,158,1
7,158,6,158,0.333333333333333
8,158,6,158,0.333333333333333
8,158,7,158,1
4,166,3,166,0.4
6,166,5,166,1
5,58,3,58,0.5
4,61,3,61,0.428571428571428
5,114,11,114,1
6,114,11,114,0.5
6,114,5,114,0.5
8,117,11,117,0.666666666666667
4,136,3,136,1
4,200,3,200,1
6,184,3,184,0.166666666666667
7,184,6,184,0.125
8,184,7,184,0.333333333333333
3,39,10,39,0.5
4,39,10,39,0.5
8,39,10,39,0.333333333333333
4,39,3,39,1
8,39,3,39,0.5
8,39,4,39,0.5
8,47,3,47,0.5
6,108,4,108,0.5
4,170,10,170,1
4,182,10,182,0.5
7,178,12,178,1
8,178,12,178,0.5
8,178,7,178,0.5
7,223,11,223,1
5,191,12,191,0.333333333333333
8,202,5,202,1
8,185,5,185,1
7,70,5,70,1
6,220,5,220,0.181818181818182
8,220,5,220,0.2
8,220,7,220,0.333333333333333
6,180,5,180,1
6,212,5,212,0.5
10,50,9,50,0.25
5,50,10,50,0.333333333333333
6,199,5,199,1
10,162,9,162,0.5
12,162,9,162,0.333333333333333
6,162,9,162,0.25
12,162,10,162,0.5
5,162,12,162,0.5
6,162,12,162,0.25
6,162,5,162,0.333333333333333
7,113,6,113,1
7,192,6,192,1
7,213,6,213,1
8,213,6,213,0.25
8,213,7,213,0.25
6,204,10,204,0.5
6,118,12,118,0.5
8,118,12,118,1
8,118,6,118,0.5
12,104,9,104,0.333333333333333
7,104,9,104,0.5
12,104,11,104,0.333333333333333
7,104,11,104,0.2
7,104,12,104,0.5
8,104,7,104,0.2
8,152,7,152,0.333333333333333
8,229,7,229,0.25
10,119,9,119,1
12,119,9,119,0.333333333333333
7,119,9,119,1
8,119,9,119,0.333333333333333
12,119,10,119,0.333333333333333
7,119,10,119,1
8,119,10,119,0.333333333333333
12,119,11,119,0.333333333333333
7,119,12,119,0.333333333333333
8,119,12,119,0.333333333333333
8,119,7,119,0.333333333333333
11,116,9,116,0.333333333333333
12,116,9,116,0.25
8,116,9,116,0.142857142857143
12,116,11,116,0.666666666666667
8,116,11,116,0.142857142857143
8,116,12,116,0.285714285714286
8,116,7,116,0.333333333333333
12,160,11,160,0.333333333333333
8,163,12,163,1
10,65,9,65,1
10,71,9,71,0.25
10,214,9,214,0.6
11,214,9,214,0.2
11,214,10,214,0.333333333333333
10,224,9,224,0.5
12,95,11,95,1
12,85,11,85,0.5
12,89,11,89,0.333333333333333
1,12,2,12,0.25
1,12,5,12,0.2
1,12,6,12,0.142857142857143
2,12,5,12,0.25
2,12,6,12,0.166666666666667
5,12,6,12,0.333333333333333
1,23,2,23,0.181818181818182
1,23,3,23,0.166666666666667
1,23,4,23,0.2
1,23,5,23,0.285714285714286
1,23,6,23,0.166666666666667
1,23,7,23,0.222222222222222
1,23,8,23,0.222222222222222
2,23,3,23,0.0714285714285714
2,23,4,23,0.0833333333333334
2,23,5,23,0.111111111111111
2,23,7,23,0.0909090909090909
2,23,8,23,0.0909090909090909
10,23,3,23,0.333333333333333
10,23,4,23,0.25
10,23,7,23,0.125
10,23,8,23,0.125
3,23,4,23,0.4
3,23,5,23,0.222222222222222
3,23,6,23,0.125
3,23,7,23,0.3
3,23,8,23,0.444444444444444
4,23,5,23,0.285714285714286
4,23,6,23,0.166666666666667
4,23,7,23,0.375
4,23,8,23,0.375
5,23,6,23,0.333333333333333
5,23,7,23,0.333333333333333
5,23,8,23,0.6
6,23,7,23,0.2
6,23,8,23,0.2
7,23,8,23,0.25
3,9,4,9,0.238095238095238
10,10,7,10,0.222222222222222
3,10,4,10,0.6
3,10,6,10,0.333333333333333
3,10,7,10,0.285714285714286
3,10,8,10,0.5
4,10,6,10,0.2
4,10,7,10,0.375
4,10,8,10,0.6
6,10,7,10,0.166666666666667
6,10,8,10,0.333333333333333
7,10,8,10,0.5
9,14,10,14,0.333333333333333
9,14,3,14,0.333333333333333
10,14,3,14,0.2
9,30,4,30,0.25
9,30,5,30,0.2
3,30,4,30,0.2
3,30,5,30,0.142857142857143
4,30,5,30,0.25
9,31,10,31,0.2
10,31,3,31,0.1
10,31,4,31,0.1
10,31,11,31,0.142857142857143
10,31,12,31,0.142857142857143
10,31,7,31,0.1
10,31,8,31,0.142857142857143
3,31,4,31,0.25
3,31,11,31,0.166666666666667
3,31,12,31,0.166666666666667
3,31,7,31,0.25
3,31,8,31,0.166666666666667
4,31,11,31,0.166666666666667
4,31,12,31,0.166666666666667
4,31,7,31,0.111111111111111
4,31,8,31,0.166666666666667
11,31,12,31,0.333333333333333
11,31,7,31,0.166666666666667
11,31,8,31,0.333333333333333
12,31,7,31,0.166666666666667
12,31,8,31,0.333333333333333
7,31,8,31,0.4
3,34,6,34,0.166666666666667
12,34,5,34,0.285714285714286
12,34,6,34,0.2
12,34,8,34,0.166666666666667
5,34,6,34,0.25
5,34,7,34,0.222222222222222
5,34,8,34,0.111111111111111
6,34,7,34,0.076923076923077
6,34,8,34,0.181818181818182
7,34,8,34,0.125
9,1,10,1,0.4
9,1,5,1,0.0588235294117647
9,1,6,1,0.111111111111111
9,1,7,1,0.166666666666667
9,1,8,1,0.19047619047619
10,1,5,1,0.1
10,1,6,1,0.0454545454545455
10,1,7,1,0.105263157894737
10,1,8,1,0.125
5,1,6,1,0.111111111111111
5,1,7,1,0.0588235294117647
5,1,8,1,0.153846153846154
6,1,7,1,0.2
6,1,8,1,0.125
7,1,8,1,0.388888888888889
9,8,10,8,0.3
9,8,11,8,0.125
9,8,12,8,0.0909090909090909
9,8,5,8,0.0714285714285714
9,8,6,8,0.1
9,8,7,8,0.142857142857143
9,8,8,8,0.25
10,8,11,8,0.12
10,8,12,8,0.0869565217391304
10,8,5,8,0.0666666666666667
10,8,6,8,0.15
10,8,7,8,0.125
10,8,8,8,0.1
11,8,12,8,0.344827586206897
11,8,5,8,0.0714285714285714
11,8,6,8,0.088235294117647
11,8,7,8,0.0952380952380953
11,8,8,8,0.136363636363636
12,8,5,8,0.0384615384615385
12,8,6,8,0.0625
12,8,7,8,0.111111111111111
12,8,8,8,0.1
5,8,6,8,0.315789473684211
5,8,7,8,0.1
5,8,8,8,0.0833333333333334
6,8,7,8,0.0588235294117647
6,8,8,8,0.0526315789473684
7,8,8,8,0.2
5,11,6,11,0.4
5,11,8,11,0.2
6,11,8,11,0.166666666666667
9,18,5,18,0.125
9,27,10,27,0.25
9,27,11,27,0.111111111111111
9,27,12,27,0.111111111111111
9,27,5,27,0.142857142857143
9,27,6,27,0.0555555555555556
9,27,7,27,0.0833333333333334
9,27,8,27,0.076923076923077
10,27,11,27,0.142857142857143
10,27,12,27,0.142857142857143
10,27,5,27,0.166666666666667
10,27,6,27,0.133333333333333
10,27,7,27,0.1
10,27,8,27,0.0909090909090909
11,27,12,27,0.142857142857143
11,27,5,27,0.166666666666667
11,27,6,27,0.133333333333333
11,27,7,27,0.1
11,27,8,27,0.0909090909090909
12,27,5,27,0.076923076923077
12,27,6,27,0.0625
12,27,7,27,0.1
12,27,8,27,0.2
5,27,6,27,0.352941176470588
5,27,7,27,0.133333333333333
5,27,8,27,0.125
6,27,7,27,0.111111111111111
6,27,8,27,0.105263157894737
7,27,8,27,0.363636363636364
5,33,6,33,0.2
11,3,12,3,0.333333333333333
11,3,7,3,0.25
11,3,8,3,0.166666666666667
12,3,7,3,0.4
12,3,8,3,0.285714285714286
7,3,8,3,0.428571428571428
7,24,8,24,0.666666666666667
10,2,11,2,0.125
10,2,12,2,0.166666666666667
11,2,12,2,0.5
11,2,8,2,0.142857142857143
9,29,10,29,0.416666666666667
9,29,12,29,0.25
10,29,12,29,0.153846153846154
1,66,2,66,0.5
1,93,2,93,0.5
1,93,3,93,0.333333333333333
1,93,6,93,0.5
2,93,3,93,0.25
2,93,6,93,0.333333333333333
3,93,4,93,0.333333333333333
3,93,6,93,0.25
5,93,6,93,0.5
1,183,2,183,0.666666666666667
1,183,9,183,0.4
1,183,10,183,0.5
2,183,9,183,0.5
2,183,10,183,0.333333333333333
9,183,10,183,0.666666666666667
1,48,2,48,0.333333333333333
1,62,2,62,0.25
1,88,4,88,1
1,144,2,144,1
11,144,12,144,0.5
11,144,5,144,0.5
11,144,6,144,1
12,144,6,144,0.5
5,144,6,144,0.5
1,197,3,197,0.5
2,197,10,197,1
2,197,3,197,0.5
10,197,3,197,0.5
5,197,6,197,1
1,203,2,203,0.5
1,203,7,203,0.25
1,203,8,203,0.333333333333333
2,203,7,203,0.166666666666667
2,203,8,203,0.2
7,203,8,203,0.666666666666667
1,43,4,43,0.333333333333333
1,43,6,43,0.25
2,43,3,43,0.333333333333333
2,43,4,43,0.333333333333333
2,43,5,43,0.5
2,43,6,43,0.25
2,43,7,43,0.166666666666667
2,43,8,43,0.25
3,43,4,43,0.5
3,43,5,43,0.25
3,43,6,43,0.166666666666667
3,43,7,43,0.285714285714286
3,43,8,43,0.166666666666667
4,43,5,43,0.25
4,43,6,43,0.4
4,43,7,43,0.125
4,43,8,43,0.166666666666667
5,43,6,43,0.5
5,43,7,43,0.142857142857143
5,43,8,43,0.2
6,43,7,43,0.111111111111111
6,43,8,43,0.142857142857143
7,43,8,43,0.25
1,72,2,72,1
1,190,2,190,1
1,198,2,198,1
1,234,2,234,1
1,234,10,234,1
1,234,4,234,1
1,234,5,234,1
1,234,6,234,1
1,234,8,234,1
2,234,10,234,1
2,234,4,234,1
2,234,5,234,1
2,234,6,234,1
2,234,8,234,1
10,234,4,234,1
10,234,5,234,1
10,234,6,234,1
10,234,8,234,1
4,234,5,234,1
4,234,6,234,1
4,234,8,234,1
5,234,6,234,1
5,234,8,234,1
6,234,8,234,1
10,83,6,83,1
9,49,10,49,0.25
9,49,4,49,0.666666666666667
9,49,5,49,0.25
10,49,4,49,0.2
3,49,4,49,0.2
3,49,6,49,0.166666666666667
4,49,5,49,0.2
5,49,6,49,0.166666666666667
11,96,12,96,1
9,158,10,158,1
9,158,6,158,0.333333333333333
10,158,6,158,0.333333333333333
3,158,4,158,0.5
5,158,6,158,0.333333333333333
5,158,7,158,1
5,158,8,158,1
6,158,7,158,0.333333333333333
6,158,8,158,0.333333333333333
7,158,8,158,1
3,166,4,166,0.4
5,166,6,166,1
3,58,5,58,0.5
3,61,4,61,0.428571428571428
11,114,5,114,1
11,114,6,114,0.5
5,114,6,114,0.5
11,117,8,117,0.666666666666667
3,136,4,136,1
3,200,4,200,1
3,184,6,184,0.166666666666667
6,184,7,184,0.125
7,184,8,184,0.333333333333333
10,39,3,39,0.5
10,39,4,39,0.5
10,39,8,39,0.333333333333333
3,39,4,39,1
3,39,8,39,0.5
4,39,8,39,0.5
3,47,8,47,0.5
4,108,6,108,0.5
10,170,4,170,1
10,182,4,182,0.5
12,178,7,178,1
12,178,8,178,0.5
7,178,8,178,0.5
11,223,7,223,1
12,191,5,191,0.333333333333333
5,202,8,202,1
5,185,8,185,1
5,70,7,70,1
5,220,6,220,0.181818181818182
5,220,8,220,0.2
7,220,8,220,0.333333333333333
5,180,6,180,1
5,212,6,212,0.5
9,50,10,50,0.25
10,50,5,50,0.333333333333333
5,199,6,199,1
9,162,10,162,0.5
9,162,12,162,0.333333333333333
9,162,6,162,0.25
10,162,12,162,0.5
12,162,5,162,0.5
12,162,6,162,0.25
5,162,6,162,0.333333333333333
6,113,7,113,1
6,192,7,192,1
6,213,7,213,1
6,213,8,213,0.25
7,213,8,213,0.25
10,204,6,204,0.5
12,118,6,118,0.5
12,118,8,118,1
6,118,8,118,0.5
9,104,12,104,0.333333333333333
9,104,7,104,0.5
11,104,12,104,0.333333333333333
11,104,7,104,0.2
12,104,7,104,0.5
7,104,8,104,0.2
7,152,8,152,0.333333333333333
7,229,8,229,0.25
9,119,10,119,1
9,119,12,119,0.333333333333333
9,119,7,119,1
9,119,8,119,0.333333333333333
10,119,12,119,0.333333333333333
10,119,7,119,1
10,119,8,119,0.333333333333333
11,119,12,119,0.333333333333333
12,119,7,119,0.333333333333333
12,119,8,119,0.333333333333333
7,119,8,119,0.333333333333333
9,116,11,116,0.333333333333333
9,116,12,116,0.25
9,116,8,116,0.142857142857143
11,116,12,116,0.666666666666667
11,116,8,116,0.142857142857143
12,116,8,116,0.285714285714286
7,116,8,116,0.333333333333333
11,160,12,160,0.333333333333333
12,163,8,163,1
9,65,10,65,1
9,71,10,71,0.25
9,214,10,214,0.6
9,214,11,214,0.2
10,214,11,214,0.333333333333333
9,224,10,224,0.5
11,95,12,95,1
11,85,12,85,0.5
11,89,12,89,0.333333333333333
